# 출처: KOSIS DT_1963003_010_S + e-나라지표 stts_cd=153401, idx_cd=1534
# 기준연도: 2022, 2023, 2024, 2025
# 계산식: foreignStudentRateComputed = foreignStudentCount / enrolledStudentCount * 100
dataset,year,regionCode,regionNameKo,regionNameEn,scope,foreignStudentCount,enrolledStudentCount,foreignStudentRateComputed,degreeAndTraining,degreeOnly,notes
regional,2022,KR,전국,Korea (nationwide),,127278,2962190,4.2968,,,출처에서 2023년과 값이 동일함 — 확인 필요
regional,2022,11,서울특별시,Seoul,,52163,915511,5.6977,,,출처에서 2023년과 값이 동일함 — 확인 필요
regional,2022,26,부산광역시,Busan,,8101,223336,3.6273,,,출처에서 2023년과 값이 동일함 — 확인 필요
regional,2022,27,대구광역시,Daegu,,4265,116885,3.6489,,,출처에서 2023년과 값이 동일함 — 확인 필요
regional,2022,28,인천광역시,Incheon,,2087,70844,2.9459,,,출처에서 2023년과 값이 동일함 — 확인 필요
regional,2022,29,광주광역시,Gwangju,,4300,109615,3.9228,,,출처에서 2023년과 값이 동일함 — 확인 필요
regional,2022,30,대전광역시,Daejeon,,7348,143874,5.1072,,,출처에서 2023년과 값이 동일함 — 확인 필요
regional,2022,31,울산광역시,Ulsan,,965,34001,2.8382,,,출처에서 2023년과 값이 동일함 — 확인 필요
regional,2022,36,세종특별자치시,Sejong,,964,22259,4.3308,,,출처에서 2023년과 값이 동일함 — 확인 필요
regional,2022,41,경기도,Gyeonggi,,18979,425936,4.4558,,,출처에서 2023년과 값이 동일함 — 확인 필요
regional,2022,42,강원특별자치도,Gangwon,,2699,108207,2.4943,,,출처에서 2023년과 값이 동일함 — 확인 필요
regional,2022,43,충청북도,Chungbuk,,2638,115330,2.2873,,,출처에서 2023년과 값이 동일함 — 확인 필요
regional,2022,44,충청남도,Chungnam,,7047,182216,3.8674,,,출처에서 2023년과 값이 동일함 — 확인 필요
regional,2022,45,전북특별자치도,Jeonbuk,,5705,119457,4.7758,,,출처에서 2023년과 값이 동일함 — 확인 필요
regional,2022,46,전라남도,Jeonnam,,2190,62832,3.4855,,,출처에서 2023년과 값이 동일함 — 확인 필요
regional,2022,47,경상북도,Gyeongbuk,,4970,184132,2.6992,,,출처에서 2023년과 값이 동일함 — 확인 필요
regional,2022,48,경상남도,Gyeongnam,,1773,101089,1.7539,,,출처에서 2023년과 값이 동일함 — 확인 필요
regional,2022,50,제주특별자치도,Jeju,,1084,26666,4.0651,,,출처에서 2023년과 값이 동일함 — 확인 필요
regional,2023,KR,전국,Korea (nationwide),,127278,2962190,4.2968,,,출처에서 2022년과 값이 동일함 — 확인 필요
regional,2023,11,서울특별시,Seoul,,52163,915511,5.6977,,,출처에서 2022년과 값이 동일함 — 확인 필요
regional,2023,26,부산광역시,Busan,,8101,223336,3.6273,,,출처에서 2022년과 값이 동일함 — 확인 필요
regional,2023,27,대구광역시,Daegu,,4265,116885,3.6489,,,출처에서 2022년과 값이 동일함 — 확인 필요
regional,2023,28,인천광역시,Incheon,,2087,70844,2.9459,,,출처에서 2022년과 값이 동일함 — 확인 필요
regional,2023,29,광주광역시,Gwangju,,4300,109615,3.9228,,,출처에서 2022년과 값이 동일함 — 확인 필요
regional,2023,30,대전광역시,Daejeon,,7348,143874,5.1072,,,출처에서 2022년과 값이 동일함 — 확인 필요
regional,2023,31,울산광역시,Ulsan,,965,34001,2.8382,,,출처에서 2022년과 값이 동일함 — 확인 필요
regional,2023,36,세종특별자치시,Sejong,,964,22259,4.3308,,,출처에서 2022년과 값이 동일함 — 확인 필요
regional,2023,41,경기도,Gyeonggi,,18979,425936,4.4558,,,출처에서 2022년과 값이 동일함 — 확인 필요
regional,2023,42,강원특별자치도,Gangwon,,2699,108207,2.4943,,,출처에서 2022년과 값이 동일함 — 확인 필요
regional,2023,43,충청북도,Chungbuk,,2638,115330,2.2873,,,출처에서 2022년과 값이 동일함 — 확인 필요
regional,2023,44,충청남도,Chungnam,,7047,182216,3.8674,,,출처에서 2022년과 값이 동일함 — 확인 필요
regional,2023,45,전북특별자치도,Jeonbuk,,5705,119457,4.7758,,,출처에서 2022년과 값이 동일함 — 확인 필요
regional,2023,46,전라남도,Jeonnam,,2190,62832,3.4855,,,출처에서 2022년과 값이 동일함 — 확인 필요
regional,2023,47,경상북도,Gyeongbuk,,4970,184132,2.6992,,,출처에서 2022년과 값이 동일함 — 확인 필요
regional,2023,48,경상남도,Gyeongnam,,1773,101089,1.7539,,,출처에서 2022년과 값이 동일함 — 확인 필요
regional,2023,50,제주특별자치도,Jeju,,1084,26666,4.0651,,,출처에서 2022년과 값이 동일함 — 확인 필요
regional,2024,KR,전국,Korea (nationwide),,163211,2882060,5.663,,,
regional,2024,11,서울특별시,Seoul,,55001,865983,6.3513,,,
regional,2024,26,부산광역시,Busan,,11529,208380,5.5327,,,
regional,2024,27,대구광역시,Daegu,,3819,112054,3.4082,,,
regional,2024,28,인천광역시,Incheon,,3674,82208,4.4692,,,
regional,2024,29,광주광역시,Gwangju,,3946,100551,3.9244,,,
regional,2024,30,대전광역시,Daejeon,,8607,139557,6.1674,,,
regional,2024,31,울산광역시,Ulsan,,838,32568,2.5731,,,
regional,2024,36,세종특별자치시,Sejong,,943,21895,4.3069,,,
regional,2024,41,경기도,Gyeonggi,,31710,467610,6.7813,,,
regional,2024,42,강원특별자치도,Gangwon,,5402,103616,5.2135,,,
regional,2024,43,충청북도,Chungbuk,,6558,110655,5.9265,,,
regional,2024,44,충청남도,Chungnam,,8828,170276,5.1845,,,
regional,2024,45,전북특별자치도,Jeonbuk,,5698,110921,5.137,,,
regional,2024,46,전라남도,Jeonnam,,3485,57354,6.0763,,,
regional,2024,47,경상북도,Gyeongbuk,,10175,178905,5.6874,,,
regional,2024,48,경상남도,Gyeongnam,,2184,95464,2.2878,,,
regional,2024,50,제주특별자치도,Jeju,,814,24063,3.3828,,,
regional,2025,KR,전국,Korea (nationwide),,202852,2903195,6.9872,,,
regional,2025,11,서울특별시,Seoul,,61111,876622,6.9712,,,
regional,2025,26,부산광역시,Busan,,15266,208723,7.314,,,
regional,2025,27,대구광역시,Daegu,,4813,112283,4.2865,,,
regional,2025,28,인천광역시,Incheon,,4204,82630,5.0877,,,
regional,2025,29,광주광역시,Gwangju,,4708,99670,4.7236,,,
regional,2025,30,대전광역시,Daejeon,,9678,139857,6.9199,,,
regional,2025,31,울산광역시,Ulsan,,959,32772,2.9263,,,
regional,2025,36,세종특별자치시,Sejong,,1125,22281,5.0491,,,
regional,2025,41,경기도,Gyeonggi,,39781,475470,8.3667,,,
regional,2025,42,강원특별자치도,Gangwon,,7025,104293,6.7358,,,
regional,2025,43,충청북도,Chungbuk,,11013,113948,9.6649,,,
regional,2025,44,충청남도,Chungnam,,10142,168528,6.018,,,
regional,2025,45,전북특별자치도,Jeonbuk,,7710,110602,6.9709,,,
regional,2025,46,전라남도,Jeonnam,,4678,56143,8.3323,,,
regional,2025,47,경상북도,Gyeongbuk,,16754,181786,9.2163,,,
regional,2025,48,경상남도,Gyeongnam,,3026,94453,3.2037,,,
regional,2025,50,제주특별자치도,Jeju,,859,23134,3.7131,,,
nationwide,2018,,,,nationwide,,,,142205,86036,
nationwide,2019,,,,nationwide,,,,160165,100215,
nationwide,2020,,,,nationwide,,,,153695,113003,
nationwide,2021,,,,nationwide,,,,152281,120018,
nationwide,2022,,,,nationwide,,,,166892,124803,
nationwide,2023,,,,nationwide,,,,181842,129240,
nationwide,2024,,,,nationwide,,,,208962,145778,
nationwide,2025,,,,nationwide,,,,253434,179190,
